Strategy,Event Date,Auction Series,Series,Entry Date,Exit Date,Entry Close,Exit Close,Return (%),Basket Avg Return (%),Rate (%),Forecast (%),Previous (%)
A_Auctions,2025-12-03,26253,26230,2025-12-01,2025-12-10,62.555,63.349,1.2692830309327663,1.4638032756628894,,,
A_Auctions,2025-12-03,26253,26238,2025-12-01,2025-12-10,58.894,59.799,1.5366590824192672,1.4638032756628894,,,
A_Auctions,2025-12-03,26253,26240,2025-12-01,2025-12-10,61.34,62.676,2.1780241278121837,1.4638032756628894,,,
A_Auctions,2025-12-03,26253,26244,2025-12-01,2025-12-10,85.803,87.078,1.4859620292996922,1.4638032756628894,,,
A_Auctions,2025-12-03,26253,26245,2025-12-01,2025-12-10,88.545,89.453,1.0254672765260597,1.4638032756628894,,,
A_Auctions,2025-12-03,26253,26249,2025-12-01,2025-12-10,86.141,87.25,1.287424106987367,1.4638032756628894,,,
A_Auctions,2025-12-10,26251,26230,2025-12-08,2025-12-17,63.325,63.91,0.9238057639162855,0.6137001155952096,,,
A_Auctions,2025-12-10,26251,26238,2025-12-08,2025-12-17,59.7,60.249,0.9195979899497386,0.6137001155952096,,,
A_Auctions,2025-12-10,26251,26240,2025-12-08,2025-12-17,62.625,62.92,0.4710578842315405,0.6137001155952096,,,
A_Auctions,2025-12-10,26251,26244,2025-12-08,2025-12-17,87.049,87.751,0.8064423485623085,0.6137001155952096,,,
A_Auctions,2025-12-10,26251,26245,2025-12-08,2025-12-17,89.271,89.469,0.2217965520717735,0.6137001155952096,,,
A_Auctions,2025-12-10,26251,26249,2025-12-08,2025-12-17,87.187,87.483,0.3395001548396115,0.6137001155952096,,,
A_Auctions,2025-12-10,26254,26230,2025-12-08,2025-12-17,63.325,63.91,0.9238057639162855,0.6137001155952096,,,
A_Auctions,2025-12-10,26254,26238,2025-12-08,2025-12-17,59.7,60.249,0.9195979899497386,0.6137001155952096,,,
A_Auctions,2025-12-10,26254,26240,2025-12-08,2025-12-17,62.625,62.92,0.4710578842315405,0.6137001155952096,,,
A_Auctions,2025-12-10,26254,26244,2025-12-08,2025-12-17,87.049,87.751,0.8064423485623085,0.6137001155952096,,,
A_Auctions,2025-12-10,26254,26245,2025-12-08,2025-12-17,89.271,89.469,0.2217965520717735,0.6137001155952096,,,
A_Auctions,2025-12-10,26254,26249,2025-12-08,2025-12-17,87.187,87.483,0.3395001548396115,0.6137001155952096,,,
A_Auctions,2025-12-17,26251,26230,2025-12-15,2025-12-24,63.96,63.478,-0.7535959974984352,-0.9363756560007578,,,
A_Auctions,2025-12-17,26251,26238,2025-12-15,2025-12-24,60.13,59.749,-0.6336271411940819,-0.9363756560007578,,,
A_Auctions,2025-12-17,26251,26240,2025-12-15,2025-12-24,62.978,62.196,-1.241703451999121,-0.9363756560007578,,,
A_Auctions,2025-12-17,26251,26244,2025-12-15,2025-12-24,87.447,86.769,-0.7753267693574317,-0.9363756560007578,,,
A_Auctions,2025-12-17,26251,26245,2025-12-15,2025-12-24,89.394,88.342,-1.1768127614828816,-0.9363756560007578,,,
A_Auctions,2025-12-17,26251,26249,2025-12-15,2025-12-24,87.448,86.541,-1.0371878144725954,-0.9363756560007578,,,
A_Auctions,2025-12-17,26253,26230,2025-12-15,2025-12-24,63.96,63.478,-0.7535959974984352,-0.9363756560007578,,,
A_Auctions,2025-12-17,26253,26238,2025-12-15,2025-12-24,60.13,59.749,-0.6336271411940819,-0.9363756560007578,,,
A_Auctions,2025-12-17,26253,26240,2025-12-15,2025-12-24,62.978,62.196,-1.241703451999121,-0.9363756560007578,,,
A_Auctions,2025-12-17,26253,26244,2025-12-15,2025-12-24,87.447,86.769,-0.7753267693574317,-0.9363756560007578,,,
A_Auctions,2025-12-17,26253,26245,2025-12-15,2025-12-24,89.394,88.342,-1.1768127614828816,-0.9363756560007578,,,
A_Auctions,2025-12-17,26253,26249,2025-12-15,2025-12-24,87.448,86.541,-1.0371878144725954,-0.9363756560007578,,,
A_Auctions,2025-12-24,26250,26230,2025-12-22,2026-01-05,63.677,63.919,0.38004302966534453,0.2291246002050181,,,
A_Auctions,2025-12-24,26250,26238,2025-12-22,2026-01-05,59.874,59.862,-0.020042088385607837,0.2291246002050181,,,
A_Auctions,2025-12-24,26250,26240,2025-12-22,2026-01-05,62.449,63.228,1.2474178930006907,0.2291246002050181,,,
A_Auctions,2025-12-24,26250,26244,2025-12-22,2026-01-05,86.6,87.416,0.942263279445732,0.2291246002050181,,,
A_Auctions,2025-12-24,26250,26245,2025-12-22,2026-01-05,88.8,88.476,-0.3648648648648667,0.2291246002050181,,,
A_Auctions,2025-12-24,26250,26249,2025-12-22,2026-01-05,87.153,86.447,-0.8100696476311842,0.2291246002050181,,,
A_Auctions,2025-12-24,26252,26230,2025-12-22,2026-01-05,63.677,63.919,0.38004302966534453,0.2291246002050181,,,
A_Auctions,2025-12-24,26252,26238,2025-12-22,2026-01-05,59.874,59.862,-0.020042088385607837,0.2291246002050181,,,
A_Auctions,2025-12-24,26252,26240,2025-12-22,2026-01-05,62.449,63.228,1.2474178930006907,0.2291246002050181,,,
A_Auctions,2025-12-24,26252,26244,2025-12-22,2026-01-05,86.6,87.416,0.942263279445732,0.2291246002050181,,,
A_Auctions,2025-12-24,26252,26245,2025-12-22,2026-01-05,88.8,88.476,-0.3648648648648667,0.2291246002050181,,,
A_Auctions,2025-12-24,26252,26249,2025-12-22,2026-01-05,87.153,86.447,-0.8100696476311842,0.2291246002050181,,,
A_Auctions,2026-01-14,26225,26230,2026-01-12,2026-01-21,62.787,61.669,-1.7806233774507518,-0.8773249902267651,,,
A_Auctions,2026-01-14,26225,26238,2026-01-12,2026-01-21,58.788,58.139,-1.1039667959447441,-0.8773249902267651,,,
A_Auctions,2026-01-14,26225,26240,2026-01-12,2026-01-21,62.601,62.225,-0.600629382917206,-0.8773249902267651,,,
A_Auctions,2026-01-14,26225,26244,2026-01-12,2026-01-21,86.308,85.545,-0.8840431941419147,-0.8773249902267651,,,
A_Auctions,2026-01-14,26225,26245,2026-01-12,2026-01-21,87.88,87.353,-0.599681383705053,-0.8773249902267651,,,
A_Auctions,2026-01-14,26225,26249,2026-01-12,2026-01-21,86.1,85.846,-0.29500580720092096,-0.8773249902267651,,,
A_Auctions,2026-01-14,26253,26230,2026-01-12,2026-01-21,62.787,61.669,-1.7806233774507518,-0.8773249902267651,,,
A_Auctions,2026-01-14,26253,26238,2026-01-12,2026-01-21,58.788,58.139,-1.1039667959447441,-0.8773249902267651,,,
A_Auctions,2026-01-14,26253,26240,2026-01-12,2026-01-21,62.601,62.225,-0.600629382917206,-0.8773249902267651,,,
A_Auctions,2026-01-14,26253,26244,2026-01-12,2026-01-21,86.308,85.545,-0.8840431941419147,-0.8773249902267651,,,
A_Auctions,2026-01-14,26253,26245,2026-01-12,2026-01-21,87.88,87.353,-0.599681383705053,-0.8773249902267651,,,
A_Auctions,2026-01-14,26253,26249,2026-01-12,2026-01-21,86.1,85.846,-0.29500580720092096,-0.8773249902267651,,,
A_Auctions,2026-01-21,26230,26230,2026-01-19,2026-01-28,62.401,61.812,-0.9438951298857523,-0.4295655335080621,,,
A_Auctions,2026-01-21,26230,26238,2026-01-19,2026-01-28,58.6,58.389,-0.3600682593856597,-0.4295655335080621,,,
A_Auctions,2026-01-21,26230,26240,2026-01-19,2026-01-28,62.432,62.25,-0.2915171706817099,-0.4295655335080621,,,
A_Auctions,2026-01-21,26230,26244,2026-01-19,2026-01-28,85.981,85.495,-0.5652411579302297,-0.4295655335080621,,,
A_Auctions,2026-01-21,26230,26245,2026-01-19,2026-01-28,87.598,87.5,-0.11187470033562352,-0.4295655335080621,,,
A_Auctions,2026-01-21,26230,26249,2026-01-19,2026-01-28,86.287,86.024,-0.3047967828293974,-0.4295655335080621,,,
A_Auctions,2026-01-21,26228,26230,2026-01-19,2026-01-28,62.401,61.812,-0.9438951298857523,-0.4295655335080621,,,
A_Auctions,2026-01-21,26228,26238,2026-01-19,2026-01-28,58.6,58.389,-0.3600682593856597,-0.4295655335080621,,,
A_Auctions,2026-01-21,26228,26240,2026-01-19,2026-01-28,62.432,62.25,-0.2915171706817099,-0.4295655335080621,,,
A_Auctions,2026-01-21,26228,26244,2026-01-19,2026-01-28,85.981,85.495,-0.5652411579302297,-0.4295655335080621,,,
A_Auctions,2026-01-21,26228,26245,2026-01-19,2026-01-28,87.598,87.5,-0.11187470033562352,-0.4295655335080621,,,
A_Auctions,2026-01-21,26228,26249,2026-01-19,2026-01-28,86.287,86.024,-0.3047967828293974,-0.4295655335080621,,,
A_Auctions,2026-01-28,26235,26230,2026-01-26,2026-02-04,61.63,62.306,1.0968684082427238,0.4190242504533999,,,
A_Auctions,2026-01-28,26235,26238,2026-01-26,2026-02-04,58.313,58.499,0.31896832610223136,0.4190242504533999,,,
A_Auctions,2026-01-28,26235,26240,2026-01-26,2026-02-04,61.936,62.259,0.5215060707827401,0.4190242504533999,,,
A_Auctions,2026-01-28,26235,26244,2026-01-26,2026-02-04,85.174,85.327,0.17963228215183147,0.4190242504533999,,,
A_Auctions,2026-01-28,26235,26245,2026-01-26,2026-02-04,87.349,87.52,0.19576640831606706,0.4190242504533999,,,
A_Auctions,2026-01-28,26235,26249,2026-01-26,2026-02-04,85.897,86.07,0.20140400712480577,0.4190242504533999,,,
A_Auctions,2026-01-28,26254,26230,2026-01-26,2026-02-04,61.63,62.306,1.0968684082427238,0.4190242504533999,,,
A_Auctions,2026-01-28,26254,26238,2026-01-26,2026-02-04,58.313,58.499,0.31896832610223136,0.4190242504533999,,,
A_Auctions,2026-01-28,26254,26240,2026-01-26,2026-02-04,61.936,62.259,0.5215060707827401,0.4190242504533999,,,
A_Auctions,2026-01-28,26254,26244,2026-01-26,2026-02-04,85.174,85.327,0.17963228215183147,0.4190242504533999,,,
A_Auctions,2026-01-28,26254,26245,2026-01-26,2026-02-04,87.349,87.52,0.19576640831606706,0.4190242504533999,,,
A_Auctions,2026-01-28,26254,26249,2026-01-26,2026-02-04,85.897,86.07,0.20140400712480577,0.4190242504533999,,,
A_Auctions,2026-02-04,26251,26230,2026-02-02,2026-02-11,62.306,62.239,-0.10753378486823006,-0.18978046015017958,,,
A_Auctions,2026-02-04,26251,26238,2026-02-02,2026-02-11,58.455,58.494,0.06671798819604113,-0.18978046015017958,,,
A_Auctions,2026-02-04,26251,26240,2026-02-02,2026-02-11,62.01,62.058,0.07740686985970857,-0.18978046015017958,,,
A_Auctions,2026-02-04,26251,26244,2026-02-02,2026-02-11,85.45,85.158,-0.3417203042715089,-0.18978046015017958,,,
A_Auctions,2026-02-04,26251,26245,2026-02-02,2026-02-11,87.397,87.096,-0.34440541437349426,-0.18978046015017958,,,
A_Auctions,2026-02-04,26251,26249,2026-02-02,2026-02-11,86.068,85.647,-0.48914811544359393,-0.18978046015017958,,,
A_Auctions,2026-02-04,26253,26230,2026-02-02,2026-02-11,62.306,62.239,-0.10753378486823006,-0.18978046015017958,,,
A_Auctions,2026-02-04,26253,26238,2026-02-02,2026-02-11,58.455,58.494,0.06671798819604113,-0.18978046015017958,,,
A_Auctions,2026-02-04,26253,26240,2026-02-02,2026-02-11,62.01,62.058,0.07740686985970857,-0.18978046015017958,,,
A_Auctions,2026-02-04,26253,26244,2026-02-02,2026-02-11,85.45,85.158,-0.3417203042715089,-0.18978046015017958,,,
A_Auctions,2026-02-04,26253,26245,2026-02-02,2026-02-11,87.397,87.096,-0.34440541437349426,-0.18978046015017958,,,
A_Auctions,2026-02-04,26253,26249,2026-02-02,2026-02-11,86.068,85.647,-0.48914811544359393,-0.18978046015017958,,,
A_Auctions,2026-02-11,26250,26230,2026-02-09,2026-02-18,61.759,64.36,4.211531922472833,2.9700450904373046,,,
A_Auctions,2026-02-11,26250,26238,2026-02-09,2026-02-18,58.06,60.319,3.8908026179814037,2.9700450904373046,,,
A_Auctions,2026-02-11,26250,26240,2026-02-09,2026-02-18,62.001,63.251,2.016096514572352,2.9700450904373046,,,
A_Auctions,2026-02-11,26250,26244,2026-02-09,2026-02-18,84.71,86.983,2.683272340927889,2.9700450904373046,,,
A_Auctions,2026-02-11,26250,26245,2026-02-09,2026-02-18,86.693,89.05,2.718789290946222,2.9700450904373046,,,
A_Auctions,2026-02-11,26250,26249,2026-02-09,2026-02-18,85.53,87.497,2.2997778557231285,2.9700450904373046,,,
A_Auctions,2026-02-11,26249,26230,2026-02-09,2026-02-18,61.759,64.36,4.211531922472833,2.9700450904373046,,,
A_Auctions,2026-02-11,26249,26238,2026-02-09,2026-02-18,58.06,60.319,3.8908026179814037,2.9700450904373046,,,
A_Auctions,2026-02-11,26249,26240,2026-02-09,2026-02-18,62.001,63.251,2.016096514572352,2.9700450904373046,,,
A_Auctions,2026-02-11,26249,26244,2026-02-09,2026-02-18,84.71,86.983,2.683272340927889,2.9700450904373046,,,
A_Auctions,2026-02-11,26249,26245,2026-02-09,2026-02-18,86.693,89.05,2.718789290946222,2.9700450904373046,,,
A_Auctions,2026-02-11,26249,26249,2026-02-09,2026-02-18,85.53,87.497,2.2997778557231285,2.9700450904373046,,,
A_Auctions,2026-02-18,26254,26230,2026-02-16,2026-02-26,63.855,63.55,-0.4776446636911791,-0.3773359651306892,,,
A_Auctions,2026-02-18,26254,26238,2026-02-16,2026-02-26,59.93,59.61,-0.5339562823293842,-0.3773359651306892,,,
A_Auctions,2026-02-18,26254,26240,2026-02-16,2026-02-26,62.864,62.65,-0.3404174090099188,-0.3773359651306892,,,
A_Auctions,2026-02-18,26254,26244,2026-02-16,2026-02-26,86.473,85.809,-0.7678697396875322,-0.3773359651306892,,,
A_Auctions,2026-02-18,26254,26245,2026-02-16,2026-02-26,88.272,88.398,0.14274061990211528,-0.3773359651306892,,,
A_Auctions,2026-02-18,26254,26249,2026-02-16,2026-02-26,87.148,86.898,-0.28686831596823614,-0.3773359651306892,,,
A_Auctions,2026-02-18,26245,26230,2026-02-16,2026-02-26,63.855,63.55,-0.4776446636911791,-0.3773359651306892,,,
A_Auctions,2026-02-18,26245,26238,2026-02-16,2026-02-26,59.93,59.61,-0.5339562823293842,-0.3773359651306892,,,
A_Auctions,2026-02-18,26245,26240,2026-02-16,2026-02-26,62.864,62.65,-0.3404174090099188,-0.3773359651306892,,,
A_Auctions,2026-02-18,26245,26244,2026-02-16,2026-02-26,86.473,85.809,-0.7678697396875322,-0.3773359651306892,,,
A_Auctions,2026-02-18,26245,26245,2026-02-16,2026-02-26,88.272,88.398,0.14274061990211528,-0.3773359651306892,,,
A_Auctions,2026-02-18,26245,26249,2026-02-16,2026-02-26,87.148,86.898,-0.28686831596823614,-0.3773359651306892,,,
A_Auctions,2026-02-25,26253,26230,2026-02-20,2026-03-04,64.211,63.398,-1.2661382006198263,-0.5730739765501239,,,
A_Auctions,2026-02-25,26253,26238,2026-02-20,2026-03-04,59.95,59.849,-0.16847372810676609,-0.5730739765501239,,,
A_Auctions,2026-02-25,26253,26240,2026-02-20,2026-03-04,62.994,62.646,-0.55243356510144,-0.5730739765501239,,,
A_Auctions,2026-02-25,26253,26244,2026-02-20,2026-03-04,86.448,85.828,-0.7171941513973601,-0.5730739765501239,,,
A_Auctions,2026-02-25,26253,26245,2026-02-20,2026-03-04,88.95,88.51,-0.494659921304097,-0.5730739765501239,,,
A_Auctions,2026-02-25,26253,26249,2026-02-20,2026-03-04,87.249,87.04,-0.23954429277125433,-0.5730739765501239,,,
A_Auctions,2026-02-25,26252,26230,2026-02-20,2026-03-04,64.211,63.398,-1.2661382006198263,-0.5730739765501239,,,
A_Auctions,2026-02-25,26252,26238,2026-02-20,2026-03-04,59.95,59.849,-0.16847372810676609,-0.5730739765501239,,,
A_Auctions,2026-02-25,26252,26240,2026-02-20,2026-03-04,62.994,62.646,-0.55243356510144,-0.5730739765501239,,,
A_Auctions,2026-02-25,26252,26244,2026-02-20,2026-03-04,86.448,85.828,-0.7171941513973601,-0.5730739765501239,,,
A_Auctions,2026-02-25,26252,26245,2026-02-20,2026-03-04,88.95,88.51,-0.494659921304097,-0.5730739765501239,,,
A_Auctions,2026-02-25,26252,26249,2026-02-20,2026-03-04,87.249,87.04,-0.23954429277125433,-0.5730739765501239,,,
A_Auctions,2026-03-04,26246,26230,2026-03-02,2026-03-11,63.696,63.202,-0.7755589047977907,-0.20887321809898163,,,
A_Auctions,2026-03-04,26246,26238,2026-03-02,2026-03-11,60.002,59.9,-0.1699943335222276,-0.20887321809898163,,,
A_Auctions,2026-03-04,26246,26240,2026-03-02,2026-03-11,62.85,62.56,-0.46141607000795837,-0.20887321809898163,,,
A_Auctions,2026-03-04,26246,26244,2026-03-02,2026-03-11,85.899,85.869,-0.03492473719135525,-0.20887321809898163,,,
A_Auctions,2026-03-04,26246,26245,2026-03-02,2026-03-11,88.481,88.534,0.059899865507873074,-0.20887321809898163,,,
A_Auctions,2026-03-04,26246,26249,2026-03-02,2026-03-11,86.987,87.099,0.12875487141756903,-0.20887321809898163,,,
A_Auctions,2026-03-04,26218,26230,2026-03-02,2026-03-11,63.696,63.202,-0.7755589047977907,-0.20887321809898163,,,
A_Auctions,2026-03-04,26218,26238,2026-03-02,2026-03-11,60.002,59.9,-0.1699943335222276,-0.20887321809898163,,,
A_Auctions,2026-03-04,26218,26240,2026-03-02,2026-03-11,62.85,62.56,-0.46141607000795837,-0.20887321809898163,,,
A_Auctions,2026-03-04,26218,26244,2026-03-02,2026-03-11,85.899,85.869,-0.03492473719135525,-0.20887321809898163,,,
A_Auctions,2026-03-04,26218,26245,2026-03-02,2026-03-11,88.481,88.534,0.059899865507873074,-0.20887321809898163,,,
A_Auctions,2026-03-04,26218,26249,2026-03-02,2026-03-11,86.987,87.099,0.12875487141756903,-0.20887321809898163,,,
A_Auctions,2026-03-11,26254,26230,2026-03-09,2026-03-18,63.49,63.7,0.330760749724357,0.717793394971907,,,
A_Auctions,2026-03-11,26254,26238,2026-03-09,2026-03-18,59.985,60.238,0.4217721096940963,0.717793394971907,,,
A_Auctions,2026-03-11,26254,26240,2026-03-09,2026-03-18,62.858,63.281,0.6729453689267917,0.717793394971907,,,
A_Auctions,2026-03-11,26254,26244,2026-03-09,2026-03-18,86.249,87.1,0.9866781064128194,0.717793394971907,,,
A_Auctions,2026-03-11,26254,26245,2026-03-09,2026-03-18,88.658,89.299,0.7230030002932653,0.717793394971907,,,
A_Auctions,2026-03-11,26254,26249,2026-03-09,2026-03-18,86.975,87.994,1.171601034780112,0.717793394971907,,,
A_Auctions,2026-03-11,26244,26230,2026-03-09,2026-03-18,63.49,63.7,0.330760749724357,0.717793394971907,,,
A_Auctions,2026-03-11,26244,26238,2026-03-09,2026-03-18,59.985,60.238,0.4217721096940963,0.717793394971907,,,
A_Auctions,2026-03-11,26244,26240,2026-03-09,2026-03-18,62.858,63.281,0.6729453689267917,0.717793394971907,,,
A_Auctions,2026-03-11,26244,26244,2026-03-09,2026-03-18,86.249,87.1,0.9866781064128194,0.717793394971907,,,
A_Auctions,2026-03-11,26244,26245,2026-03-09,2026-03-18,88.658,89.299,0.7230030002932653,0.717793394971907,,,
A_Auctions,2026-03-11,26244,26249,2026-03-09,2026-03-18,86.975,87.994,1.171601034780112,0.717793394971907,,,
A_Auctions,2026-03-18,26238,26230,2026-03-16,2026-03-25,64.001,62.95,-1.6421618412212347,-0.9514609359876598,,,
A_Auctions,2026-03-18,26238,26238,2026-03-16,2026-03-25,61.209,59.875,-2.1794180594357115,-0.9514609359876598,,,
A_Auctions,2026-03-18,26238,26240,2026-03-16,2026-03-25,63.582,63.298,-0.4466672957755269,-0.9514609359876598,,,
A_Auctions,2026-03-18,26238,26244,2026-03-16,2026-03-25,87.184,86.849,-0.38424481556248447,-0.9514609359876598,,,
A_Auctions,2026-03-18,26238,26245,2026-03-16,2026-03-25,89.548,88.779,-0.8587573145128924,-0.9514609359876598,,,
A_Auctions,2026-03-18,26238,26249,2026-03-16,2026-03-25,88.094,87.92,-0.19751628941810928,-0.9514609359876598,,,
A_Auctions,2026-03-18,26250,26230,2026-03-16,2026-03-25,64.001,62.95,-1.6421618412212347,-0.9514609359876598,,,
A_Auctions,2026-03-18,26250,26238,2026-03-16,2026-03-25,61.209,59.875,-2.1794180594357115,-0.9514609359876598,,,
A_Auctions,2026-03-18,26250,26240,2026-03-16,2026-03-25,63.582,63.298,-0.4466672957755269,-0.9514609359876598,,,
A_Auctions,2026-03-18,26250,26244,2026-03-16,2026-03-25,87.184,86.849,-0.38424481556248447,-0.9514609359876598,,,
A_Auctions,2026-03-18,26250,26245,2026-03-16,2026-03-25,89.548,88.779,-0.8587573145128924,-0.9514609359876598,,,
A_Auctions,2026-03-18,26250,26249,2026-03-16,2026-03-25,88.094,87.92,-0.19751628941810928,-0.9514609359876598,,,
A_Auctions,2026-03-25,26230,26230,2026-03-23,2026-03-30,63.475,62.837,-1.005120126033865,-0.3659434838583997,,,
A_Auctions,2026-03-25,26230,26238,2026-03-23,2026-03-30,59.818,59.469,-0.5834364238189171,-0.3659434838583997,,,
A_Auctions,2026-03-25,26230,26240,2026-03-23,2026-03-30,63.022,62.649,-0.5918568119069545,-0.3659434838583997,,,
A_Auctions,2026-03-25,26230,26244,2026-03-23,2026-03-30,86.799,86.714,-0.09792739547691554,-0.3659434838583997,,,
A_Auctions,2026-03-25,26230,26245,2026-03-23,2026-03-30,88.914,88.789,-0.14058528465707987,-0.3659434838583997,,,
A_Auctions,2026-03-25,26230,26249,2026-03-23,2026-03-30,87.788,87.984,0.22326513874333376,-0.3659434838583997,,,
A_Auctions,2026-03-25,26245,26230,2026-03-23,2026-03-30,63.475,62.837,-1.005120126033865,-0.3659434838583997,,,
A_Auctions,2026-03-25,26245,26238,2026-03-23,2026-03-30,59.818,59.469,-0.5834364238189171,-0.3659434838583997,,,
A_Auctions,2026-03-25,26245,26240,2026-03-23,2026-03-30,63.022,62.649,-0.5918568119069545,-0.3659434838583997,,,
A_Auctions,2026-03-25,26245,26244,2026-03-23,2026-03-30,86.799,86.714,-0.09792739547691554,-0.3659434838583997,,,
A_Auctions,2026-03-25,26245,26245,2026-03-23,2026-03-30,88.914,88.789,-0.14058528465707987,-0.3659434838583997,,,
A_Auctions,2026-03-25,26245,26249,2026-03-23,2026-03-30,87.788,87.984,0.22326513874333376,-0.3659434838583997,,,
A_Auctions,2026-04-01,26249,26230,2026-03-30,2026-04-06,62.837,62.594,-0.3867148336171411,-0.4102049628569619,,,
A_Auctions,2026-04-01,26249,26238,2026-03-30,2026-04-06,59.469,59.096,-0.6272175419126058,-0.4102049628569619,,,
A_Auctions,2026-04-01,26249,26240,2026-03-30,2026-04-06,62.649,62.173,-0.7597886638254336,-0.4102049628569619,,,
A_Auctions,2026-04-01,26249,26244,2026-03-30,2026-04-06,86.714,86.512,-0.23294969670411003,-0.4102049628569619,,,
A_Auctions,2026-04-01,26249,26245,2026-03-30,2026-04-06,88.789,88.672,-0.13177307999865384,-0.4102049628569619,,,
A_Auctions,2026-04-01,26249,26249,2026-03-30,2026-04-06,87.984,87.7,-0.32278596108382684,-0.4102049628569619,,,
A_Auctions,2026-04-08,26235,26230,2026-04-06,2026-04-13,62.594,62.473,-0.19330926286864614,0.1273362104625845,,,
A_Auctions,2026-04-08,26235,26238,2026-04-06,2026-04-13,59.096,59.23,0.226749695410855,0.1273362104625845,,,
A_Auctions,2026-04-08,26235,26240,2026-04-06,2026-04-13,62.173,62.109,-0.10293857462242428,0.1273362104625845,,,
A_Auctions,2026-04-08,26235,26244,2026-04-06,2026-04-13,86.512,86.801,0.3340577029776304,0.1273362104625845,,,
A_Auctions,2026-04-08,26235,26245,2026-04-06,2026-04-13,88.672,88.761,0.10036990256225842,0.1273362104625845,,,
A_Auctions,2026-04-08,26235,26249,2026-04-06,2026-04-13,87.7,88.05,0.3990877993158337,0.1273362104625845,,,
A_Auctions,2026-04-08,26254,26230,2026-04-06,2026-04-13,62.594,62.473,-0.19330926286864614,0.1273362104625845,,,
A_Auctions,2026-04-08,26254,26238,2026-04-06,2026-04-13,59.096,59.23,0.226749695410855,0.1273362104625845,,,
A_Auctions,2026-04-08,26254,26240,2026-04-06,2026-04-13,62.173,62.109,-0.10293857462242428,0.1273362104625845,,,
A_Auctions,2026-04-08,26254,26244,2026-04-06,2026-04-13,86.512,86.801,0.3340577029776304,0.1273362104625845,,,
A_Auctions,2026-04-08,26254,26245,2026-04-06,2026-04-13,88.672,88.761,0.10036990256225842,0.1273362104625845,,,
A_Auctions,2026-04-08,26254,26249,2026-04-06,2026-04-13,87.7,88.05,0.3990877993158337,0.1273362104625845,,,
A_Auctions,2026-04-15,26253,26230,2026-04-13,2026-04-20,62.473,63.422,1.5190562322923373,0.9316526655278268,,,
A_Auctions,2026-04-15,26253,26238,2026-04-13,2026-04-20,59.23,59.858,1.060273510045584,0.9316526655278268,,,
A_Auctions,2026-04-15,26253,26240,2026-04-13,2026-04-20,62.109,62.65,0.8710492843227113,0.9316526655278268,,,
A_Auctions,2026-04-15,26253,26244,2026-04-13,2026-04-20,86.801,87.05,0.28686305457310546,0.9316526655278268,,,
A_Auctions,2026-04-15,26253,26245,2026-04-13,2026-04-20,88.761,89.6,0.9452349567940832,0.9316526655278268,,,
A_Auctions,2026-04-15,26253,26249,2026-04-13,2026-04-20,88.05,88.849,0.9074389551391393,0.9316526655278268,,,
A_Auctions,2026-04-15,26244,26230,2026-04-13,2026-04-20,62.473,63.422,1.5190562322923373,0.9316526655278268,,,
A_Auctions,2026-04-15,26244,26238,2026-04-13,2026-04-20,59.23,59.858,1.060273510045584,0.9316526655278268,,,
A_Auctions,2026-04-15,26244,26240,2026-04-13,2026-04-20,62.109,62.65,0.8710492843227113,0.9316526655278268,,,
A_Auctions,2026-04-15,26244,26244,2026-04-13,2026-04-20,86.801,87.05,0.28686305457310546,0.9316526655278268,,,
A_Auctions,2026-04-15,26244,26245,2026-04-13,2026-04-20,88.761,89.6,0.9452349567940832,0.9316526655278268,,,
A_Auctions,2026-04-15,26244,26249,2026-04-13,2026-04-20,88.05,88.849,0.9074389551391393,0.9316526655278268,,,
A_Auctions,2026-04-22,26245,26230,2026-04-20,2026-04-27,63.422,62.991,-0.6795749109141935,-0.8874176683452619,,,
A_Auctions,2026-04-22,26245,26238,2026-04-20,2026-04-27,59.858,58.771,-1.8159644491964277,-0.8874176683452619,,,
A_Auctions,2026-04-22,26245,26240,2026-04-20,2026-04-27,62.65,61.989,-1.0550678371907485,-0.8874176683452619,,,
A_Auctions,2026-04-22,26245,26244,2026-04-20,2026-04-27,87.05,86.55,-0.5743825387708235,-0.8874176683452619,,,
A_Auctions,2026-04-22,26245,26245,2026-04-20,2026-04-27,89.6,88.736,-0.9642857142857064,-0.8874176683452619,,,
A_Auctions,2026-04-22,26245,26249,2026-04-20,2026-04-27,88.849,88.64,-0.2352305597136728,-0.8874176683452619,,,
A_Auctions,2026-04-22,26254,26230,2026-04-20,2026-04-27,63.422,62.991,-0.6795749109141935,-0.8874176683452619,,,
A_Auctions,2026-04-22,26254,26238,2026-04-20,2026-04-27,59.858,58.771,-1.8159644491964277,-0.8874176683452619,,,
A_Auctions,2026-04-22,26254,26240,2026-04-20,2026-04-27,62.65,61.989,-1.0550678371907485,-0.8874176683452619,,,
A_Auctions,2026-04-22,26254,26244,2026-04-20,2026-04-27,87.05,86.55,-0.5743825387708235,-0.8874176683452619,,,
A_Auctions,2026-04-22,26254,26245,2026-04-20,2026-04-27,89.6,88.736,-0.9642857142857064,-0.8874176683452619,,,
A_Auctions,2026-04-22,26254,26249,2026-04-20,2026-04-27,88.849,88.64,-0.2352305597136728,-0.8874176683452619,,,
A_Auctions,2026-04-29,26218,26230,2026-04-27,2026-05-05,62.991,62.536,-0.7223254115667266,-0.25470820294876684,,,
A_Auctions,2026-04-29,26218,26238,2026-04-27,2026-05-05,58.771,58.182,-1.0021949600993674,-0.25470820294876684,,,
A_Auctions,2026-04-29,26218,26240,2026-04-27,2026-05-05,61.989,61.744,-0.39523141202471024,-0.25470820294876684,,,
A_Auctions,2026-04-29,26218,26244,2026-04-27,2026-05-05,86.55,86.9,0.4043905257076874,-0.25470820294876684,,,
A_Auctions,2026-04-29,26218,26245,2026-04-27,2026-05-05,88.736,88.869,0.1498827984132589,-0.25470820294876684,,,
A_Auctions,2026-04-29,26218,26249,2026-04-27,2026-05-05,88.64,88.673,0.03722924187725685,-0.25470820294876684,,,
A_Auctions,2026-04-29,23238,26230,2026-04-27,2026-05-05,62.991,62.536,-0.7223254115667266,-0.25470820294876684,,,
A_Auctions,2026-04-29,23238,26238,2026-04-27,2026-05-05,58.771,58.182,-1.0021949600993674,-0.25470820294876684,,,
A_Auctions,2026-04-29,23238,26240,2026-04-27,2026-05-05,61.989,61.744,-0.39523141202471024,-0.25470820294876684,,,
A_Auctions,2026-04-29,23238,26244,2026-04-27,2026-05-05,86.55,86.9,0.4043905257076874,-0.25470820294876684,,,
A_Auctions,2026-04-29,23238,26245,2026-04-27,2026-05-05,88.736,88.869,0.1498827984132589,-0.25470820294876684,,,
A_Auctions,2026-04-29,23238,26249,2026-04-27,2026-05-05,88.64,88.673,0.03722924187725685,-0.25470820294876684,,,
A_Auctions,2026-05-06,23235,26230,2026-05-04,2026-05-13,62.919,62.284,-1.0092340946295963,-0.4128383165913056,,,
A_Auctions,2026-05-06,23235,26238,2026-05-04,2026-05-13,58.319,58.309,-0.01714707042302921,-0.4128383165913056,,,
A_Auctions,2026-05-06,23235,26240,2026-05-04,2026-05-13,62.249,61.827,-0.6779225369082265,-0.4128383165913056,,,
A_Auctions,2026-05-06,23235,26244,2026-05-04,2026-05-13,86.944,86.847,-0.1115660655134465,-0.4128383165913056,,,
A_Auctions,2026-05-06,23235,26245,2026-05-04,2026-05-13,89.0,88.849,-0.1696629213483125,-0.4128383165913056,,,
A_Auctions,2026-05-06,23235,26249,2026-05-04,2026-05-13,88.912,88.475,-0.49149721072522246,-0.4128383165913056,,,
A_Auctions,2026-05-06,26240,26230,2026-05-04,2026-05-13,62.919,62.284,-1.0092340946295963,-0.4128383165913056,,,
A_Auctions,2026-05-06,26240,26238,2026-05-04,2026-05-13,58.319,58.309,-0.01714707042302921,-0.4128383165913056,,,
A_Auctions,2026-05-06,26240,26240,2026-05-04,2026-05-13,62.249,61.827,-0.6779225369082265,-0.4128383165913056,,,
A_Auctions,2026-05-06,26240,26244,2026-05-04,2026-05-13,86.944,86.847,-0.1115660655134465,-0.4128383165913056,,,
A_Auctions,2026-05-06,26240,26245,2026-05-04,2026-05-13,89.0,88.849,-0.1696629213483125,-0.4128383165913056,,,
A_Auctions,2026-05-06,26240,26249,2026-05-04,2026-05-13,88.912,88.475,-0.49149721072522246,-0.4128383165913056,,,
A_Auctions,2026-05-13,26253,26230,2026-05-11,2026-05-18,62.547,62.026,-0.8329736038498958,-0.5935950090383002,,,
A_Auctions,2026-05-13,26253,26238,2026-05-11,2026-05-18,58.5,57.908,-1.0119658119658093,-0.5935950090383002,,,
A_Auctions,2026-05-13,26253,26240,2026-05-11,2026-05-18,61.947,61.733,-0.34545659999678513,-0.5935950090383002,,,
A_Auctions,2026-05-13,26253,26244,2026-05-11,2026-05-18,87.188,86.744,-0.5092443914300193,-0.5935950090383002,,,
A_Auctions,2026-05-13,26253,26245,2026-05-11,2026-05-18,88.998,88.7,-0.3348389851457356,-0.5935950090383002,,,
A_Auctions,2026-05-13,26253,26249,2026-05-11,2026-05-18,88.979,88.51,-0.5270906618415561,-0.5935950090383002,,,
A_Auctions,2026-05-13,26249,26230,2026-05-11,2026-05-18,62.547,62.026,-0.8329736038498958,-0.5935950090383002,,,
A_Auctions,2026-05-13,26249,26238,2026-05-11,2026-05-18,58.5,57.908,-1.0119658119658093,-0.5935950090383002,,,
A_Auctions,2026-05-13,26249,26240,2026-05-11,2026-05-18,61.947,61.733,-0.34545659999678513,-0.5935950090383002,,,
A_Auctions,2026-05-13,26249,26244,2026-05-11,2026-05-18,87.188,86.744,-0.5092443914300193,-0.5935950090383002,,,
A_Auctions,2026-05-13,26249,26245,2026-05-11,2026-05-18,88.998,88.7,-0.3348389851457356,-0.5935950090383002,,,
A_Auctions,2026-05-13,26249,26249,2026-05-11,2026-05-18,88.979,88.51,-0.5270906618415561,-0.5935950090383002,,,
A_Auctions,2026-05-20,26252,26230,2026-05-18,2026-05-25,62.026,62.097,0.11446812626962899,-0.12412651341839702,,,
A_Auctions,2026-05-20,26252,26238,2026-05-18,2026-05-25,57.908,57.729,-0.3091110036609779,-0.12412651341839702,,,
A_Auctions,2026-05-20,26252,26240,2026-05-18,2026-05-25,61.733,61.757,0.03887709976835296,-0.12412651341839702,,,
A_Auctions,2026-05-20,26252,26244,2026-05-18,2026-05-25,86.744,86.599,-0.16715853546066528,-0.12412651341839702,,,
A_Auctions,2026-05-20,26252,26245,2026-05-18,2026-05-25,88.7,88.404,-0.33370913190530205,-0.12412651341839702,,,
A_Auctions,2026-05-20,26252,26249,2026-05-18,2026-05-25,88.51,88.432,-0.08812563552141883,-0.12412651341839702,,,
A_Auctions,2026-05-20,20228,26230,2026-05-18,2026-05-25,62.026,62.097,0.11446812626962899,-0.12412651341839702,,,
A_Auctions,2026-05-20,20228,26238,2026-05-18,2026-05-25,57.908,57.729,-0.3091110036609779,-0.12412651341839702,,,
A_Auctions,2026-05-20,20228,26240,2026-05-18,2026-05-25,61.733,61.757,0.03887709976835296,-0.12412651341839702,,,
A_Auctions,2026-05-20,20228,26244,2026-05-18,2026-05-25,86.744,86.599,-0.16715853546066528,-0.12412651341839702,,,
A_Auctions,2026-05-20,20228,26245,2026-05-18,2026-05-25,88.7,88.404,-0.33370913190530205,-0.12412651341839702,,,
A_Auctions,2026-05-20,20228,26249,2026-05-18,2026-05-25,88.51,88.432,-0.08812563552141883,-0.12412651341839702,,,
A_Auctions,2026-05-27,26251,26230,2026-05-25,,,,,,,,
A_Auctions,2026-05-27,26251,26238,2026-05-25,,,,,,,,
A_Auctions,2026-05-27,26251,26240,2026-05-25,,,,,,,,
A_Auctions,2026-05-27,26251,26244,2026-05-25,,,,,,,,
A_Auctions,2026-05-27,26251,26245,2026-05-25,,,,,,,,
A_Auctions,2026-05-27,26251,26249,2026-05-25,,,,,,,,
A_Auctions,2026-05-27,26230,26230,2026-05-25,,,,,,,,
A_Auctions,2026-05-27,26230,26238,2026-05-25,,,,,,,,
A_Auctions,2026-05-27,26230,26240,2026-05-25,,,,,,,,
A_Auctions,2026-05-27,26230,26244,2026-05-25,,,,,,,,
A_Auctions,2026-05-27,26230,26245,2026-05-25,,,,,,,,
A_Auctions,2026-05-27,26230,26249,2026-05-25,,,,,,,,
B_Rates_Dovish_Consensus,2025-12-19,,26230,2025-12-12,2026-01-08,63.827,63.912,0.13317248186504038,0.017608267038371483,16.0,16.0,16.5
B_Rates_Dovish_Consensus,2025-12-19,,26238,2025-12-12,2026-01-08,60.028,60.16,0.21989738122210056,0.017608267038371483,16.0,16.0,16.5
B_Rates_Dovish_Consensus,2025-12-19,,26221,2025-12-12,2026-01-08,72.536,72.146,-0.537664056468512,0.017608267038371483,16.0,16.0,16.5
B_Rates_Dovish_Consensus,2025-12-19,,26225,2025-12-12,2026-01-08,68.228,68.402,0.255027261534857,0.017608267038371483,16.0,16.0,16.5
B_Rates_Dovish_Consensus,2026-03-20,,26230,2026-03-13,2026-04-01,64.252,62.742,-2.350121396999316,-1.5553544714000556,15.0,15.0,15.5
B_Rates_Dovish_Consensus,2026-03-20,,26238,2026-03-13,2026-04-01,61.107,59.429,-2.746002912923229,-1.5553544714000556,15.0,15.0,15.5
B_Rates_Dovish_Consensus,2026-03-20,,26221,2026-03-13,2026-04-01,72.975,72.647,-0.4494689962315723,-1.5553544714000556,15.0,15.0,15.5
B_Rates_Dovish_Consensus,2026-03-20,,26225,2026-03-13,2026-04-01,68.065,67.605,-0.6758245794461049,-1.5553544714000556,15.0,15.0,15.5
B_Rates_Dovish_Consensus,2026-04-24,,26230,2026-04-19,2026-05-05,63.485,62.536,-1.4948413010947403,-1.348354264823437,14.5,14.5,15.0
B_Rates_Dovish_Consensus,2026-04-24,,26238,2026-04-19,2026-05-05,59.774,58.182,-2.6633653427911796,-1.348354264823437,14.5,14.5,15.0
B_Rates_Dovish_Consensus,2026-04-24,,26221,2026-04-19,2026-05-05,73.819,73.235,-0.7911242363077275,-1.348354264823437,14.5,14.5,15.0
B_Rates_Dovish_Consensus,2026-04-24,,26225,2026-04-19,2026-05-05,68.23,67.927,-0.4440861791001005,-1.348354264823437,14.5,14.5,15.0
